2009 - Q1,2.62,,,,,
2009 - Q2,2.33,,,,,
2009 - Q3,2.4,,,,,
2009 - Q4,2.42,,,,,
2010 - Q1,2.72,,,,,
2010 - Q2,2.53,,,,,
2010 - Q3,2.61,,,,,
2010 - Q4,2.84,,,,,
2011 - Q1,2.95,,,,,
2011 - Q2,2.79,,,,,
2011 - Q3,2.93,,,,,
2011 - Q4,3.03,,,,,
2012 - Q1,3.44,,,,,
2012 - Q2,3.2,,,,,
2012 - Q3,3.3,,,,,
2012 - Q4,3.36,,,,,
2013 - Q1,3.79,,,,,
2013 - Q2,3.56,,,,,
2013 - Q3,3.74,,,,,
2013 - Q4,3.8,,,,,
2014 - Q1,4.24,,,,,
2014 - Q2,3.87,,,,,
2014 - Q3,4.15,,,,,
2014 - Q4,4.18,,,,,
2015 - Q1,4.8,,,,,
2015 - Q2,4.56,,,,,
2015 - Q3,4.88,,,,,
2015 - Q4,4.91,,,,,
2016 - Q1,5.37,,,,,
2016 - Q2,4.99,,,,,
2016 - Q3,5.24,,,,,
2016 - Q4,5.71,,,,,
2017 - Q1,5.73,,,,,
2017 - Q2,5.29,,,,,
2017 - Q3,5.66,,,,,
2017 - Q4,5.7,,,,,
2018 - Q1,6.07,,,,,
2018 - Q2,6.03,,,,,
2018 - Q3,6.31,,,,,
2018 - Q4,6.3,,,,,
2019 - Q1,6.6,,,,,
2019 - Q2,6.31,,,,,
2019 - Q3,6.82,,,,,
2019 - Q4,6.75,,,,,
2020 - Q1,7.1,,,,,
2020 - Q2,6,,,,,
2020 - Q3,4.2,,,,,
2020 - Q4,6.2,,,,,
2021 - Q1,6.7,,,,,
2021 - Q2,6.7,,,,,
2021 - Q3,7.5,,,,,
2021 - Q4,8.1,,,,,
2022 - Q1,8.1,,,,,
2022 - Q2,7.6,,,,,
2022 - Q3,8.2,,,,,
2022 - Q4,8.4,,,,,
2023 - Q1,8.7,,,,,
2023 - Q2,8.72,,,,,
2023 - Q3,9.17,,,,,
2023 - Q4,9.37,,,,,
2024 - Q1,9.43,,,,,
2024 - Q2,8.56,,,,,
2024 - Q3,9.11,,,,,
2024 - Q4,9.07,,,,,
2025 - Q1,8.76,,,,,
